"study_id","source_project_id","source_revision","freshness","point_id","corner","temperature_C","supply_V","execution_status","analysis_result","candidate_project_id","run_id","truth_passed","message"
"08a83d4f8ffc41dd801f716d72357964","98a3c0ddf6934002b8b3c99ffe126d9e",1,"current","2e5cfe33fd884c1dac3aef4847627921","tt",-40,1.62,"completed","pass","07a0a8e9b31b492780de50f37625e105","285705edd74245d3a7489dd6fa7c22d8",64,"Actual ngspice tran: 3663 samples.; MUX truth 64/64"
"08a83d4f8ffc41dd801f716d72357964","98a3c0ddf6934002b8b3c99ffe126d9e",1,"current","2ad357764a364267839ffeaeb99d799e","tt",-40,1.8,"completed","pass","34d814847b6f4d238cb26329c97d0ff5","b428bbb6cc174350bc4c0bd27026cb50",64,"Actual ngspice tran: 3673 samples.; MUX truth 64/64"
"08a83d4f8ffc41dd801f716d72357964","98a3c0ddf6934002b8b3c99ffe126d9e",1,"current","eed9a0f2ae174f1ebf3f5f2c4ae04e4f","tt",27,1.62,"completed","pass","6b22285cb5564c29937e7c267deba3f3","e539ec1b0a2b4550a7f8b1f265823b7d",64,"Actual ngspice tran: 3666 samples.; MUX truth 64/64"
"08a83d4f8ffc41dd801f716d72357964","98a3c0ddf6934002b8b3c99ffe126d9e",1,"current","d5d7fae5f9fc437f9fda71cc45ac8f5f","tt",27,1.8,"completed","pass","e55c9a81fa4742efb739fbc185faa911","fa1ba10716f74501a59cb316944e0743",64,"Actual ngspice tran: 3684 samples.; MUX truth 64/64"
"08a83d4f8ffc41dd801f716d72357964","98a3c0ddf6934002b8b3c99ffe126d9e",1,"current","1c8c1bbc8a724ad69f141900861f08ea","tt",125,1.62,"completed","pass","ac6d2d763ce847f9909f9f2aad8c45c6","6873e3828fd8468798d68327a2b1fba2",64,"Actual ngspice tran: 3652 samples.; MUX truth 64/64"
"08a83d4f8ffc41dd801f716d72357964","98a3c0ddf6934002b8b3c99ffe126d9e",1,"current","ce3af348dfb64f75a31465816519f448","tt",125,1.8,"completed","pass","ad895c9d3205495bb76a7605da934e5e","5ad7e94b4a514dd0bdedbec791a053fa",64,"Actual ngspice tran: 3675 samples.; MUX truth 64/64"
"08a83d4f8ffc41dd801f716d72357964","98a3c0ddf6934002b8b3c99ffe126d9e",1,"current","fb54de41ea46438a940e0c9002781236","ss",-40,1.62,"completed","pass","df1e620aefe14bbe9ec03785b205f4e1","2a1b6a682f6947fd8c046c79543bad2b",64,"Actual ngspice tran: 3639 samples.; MUX truth 64/64"
"08a83d4f8ffc41dd801f716d72357964","98a3c0ddf6934002b8b3c99ffe126d9e",1,"current","3f669bc4f3f74700abe65f6ddfa43cea","ss",-40,1.8,"completed","pass","0936e7c85cdc4c06bcc418639be12b62","ff06b9e3b14047e19fa3680b5e4cd26a",64,"Actual ngspice tran: 3664 samples.; MUX truth 64/64"
"08a83d4f8ffc41dd801f716d72357964","98a3c0ddf6934002b8b3c99ffe126d9e",1,"current","f7144f7b56224708b14876dae687061e","ss",27,1.62,"completed","pass","e6d327a55c7b4476845fc743b77b766c","8c47e18f93c742ee9091e88637516495",64,"Actual ngspice tran: 3639 samples.; MUX truth 64/64"
"08a83d4f8ffc41dd801f716d72357964","98a3c0ddf6934002b8b3c99ffe126d9e",1,"current","85867dff7a7c4c67ac2aecf45ca4220f","ss",27,1.8,"completed","pass","e5610228b0c9416a892bb99ad725b351","cd4db2f3204342de9784bd2282778dc7",64,"Actual ngspice tran: 3659 samples.; MUX truth 64/64"
"08a83d4f8ffc41dd801f716d72357964","98a3c0ddf6934002b8b3c99ffe126d9e",1,"current","49ab4fde0ed0471c8e451b7899cdf355","ss",125,1.62,"completed","pass","a24aef6cd58b4748854315058193e134","e521cacbd8014b759f1ceb62935eb08f",64,"Actual ngspice tran: 3638 samples.; MUX truth 64/64"
"08a83d4f8ffc41dd801f716d72357964","98a3c0ddf6934002b8b3c99ffe126d9e",1,"current","8a60b1e3dcd048bd842158a6e331163f","ss",125,1.8,"completed","pass","5588a4ff9be646b8b6877094943c8192","222482adfe1c46be947cf68585cb69e0",64,"Actual ngspice tran: 3646 samples.; MUX truth 64/64"
"08a83d4f8ffc41dd801f716d72357964","98a3c0ddf6934002b8b3c99ffe126d9e",1,"current","11c12499ae7c4d719a658319470393cb","ff",-40,1.62,"completed","pass","c2eeddf527684b3680429626dd8dda20","fb55ed57170945d3836cba89eb0a4fca",64,"Actual ngspice tran: 3671 samples.; MUX truth 64/64"
"08a83d4f8ffc41dd801f716d72357964","98a3c0ddf6934002b8b3c99ffe126d9e",1,"current","59665981a523458f972a433ea873eff9","ff",-40,1.8,"completed","pass","7b0cd6050b7f4485960ff687d3d1f442","0b2fe6aa2e6c4464ba37ab38de1c7429",64,"Actual ngspice tran: 3658 samples.; MUX truth 64/64"
"08a83d4f8ffc41dd801f716d72357964","98a3c0ddf6934002b8b3c99ffe126d9e",1,"current","128bf59d88064109aa7a5c6754a409e5","ff",27,1.62,"completed","pass","6e2f32f04e2c40ea98204f99f96fefe0","88ea56312433476fab7e11f7722b1f1a",64,"Actual ngspice tran: 3650 samples.; MUX truth 64/64"
"08a83d4f8ffc41dd801f716d72357964","98a3c0ddf6934002b8b3c99ffe126d9e",1,"current","812bee6c2f0c4a8dbda5b5913dac6093","ff",27,1.8,"completed","pass","33ed835851fc4314a364b9d4522b9220","f78e12e8d9d045af808e2c2f9ab50017",64,"Actual ngspice tran: 3658 samples.; MUX truth 64/64"
"08a83d4f8ffc41dd801f716d72357964","98a3c0ddf6934002b8b3c99ffe126d9e",1,"current","359d9ecc97d34bd2a464fb5e07bd6dd9","ff",125,1.62,"completed","pass","64bb2312e9b04ebf848b1e334da6c1ce","b26f7c8221e94d0c8b18b8125307207c",64,"Actual ngspice tran: 3652 samples.; MUX truth 64/64"
"08a83d4f8ffc41dd801f716d72357964","98a3c0ddf6934002b8b3c99ffe126d9e",1,"current","2a7f83c735df4e7f8dcc0c26e64dffb7","ff",125,1.8,"completed","pass","bf36232ff97c4a67ac74bbe050e13140","8578f754ced248c9bcc71cdfc9abb16f",64,"Actual ngspice tran: 3659 samples.; MUX truth 64/64"