surface_voxel,axis,normal_sign,x_um,y_um,z_um,axis_coating_um,resolution_um,no_resolved_voxel,requested_dose_um
340,2,1,0.45,0.45,0.30000000000000004,0.4,0.1,false,0.1
341,2,1,0.55,0.45,0.30000000000000004,0.4,0.1,false,0.1
342,2,1,0.65,0.45,0.30000000000000004,0.4,0.1,false,0.1
343,2,1,0.75,0.45,0.30000000000000004,0.4,0.1,false,0.1
352,2,1,0.45,0.55,0.30000000000000004,0.4,0.1,false,0.1
353,2,1,0.55,0.55,0.30000000000000004,0.1,0.1,false,0.1
354,2,1,0.65,0.55,0.30000000000000004,0.1,0.1,false,0.1
355,2,1,0.75,0.55,0.30000000000000004,0.4,0.1,false,0.1
364,2,1,0.45,0.65,0.30000000000000004,0.4,0.1,false,0.1
365,2,1,0.55,0.65,0.30000000000000004,0.1,0.1,false,0.1
366,2,1,0.65,0.65,0.30000000000000004,0.1,0.1,false,0.1
367,2,1,0.75,0.65,0.30000000000000004,0.4,0.1,false,0.1
376,2,1,0.45,0.75,0.30000000000000004,0.4,0.1,false,0.1
377,2,1,0.55,0.75,0.30000000000000004,0.4,0.1,false,0.1
378,2,1,0.65,0.75,0.30000000000000004,0.4,0.1,false,0.1
379,2,1,0.75,0.75,0.30000000000000004,0.4,0.1,false,0.1
472,1,1,0.45,0.4,0.35000000000000003,0.4,0.1,false,0.1
473,1,1,0.55,0.4,0.35000000000000003,0.4,0.1,false,0.1
474,1,1,0.65,0.4,0.35000000000000003,0.4,0.1,false,0.1
475,1,1,0.75,0.4,0.35000000000000003,0.4,0.1,false,0.1
483,0,1,0.4,0.45,0.35000000000000003,0.4,0.1,false,0.1
488,0,-1,0.8,0.45,0.35000000000000003,0.4,0.1,false,0.1
495,0,1,0.4,0.55,0.35000000000000003,0.4,0.1,false,0.1
500,0,-1,0.8,0.55,0.35000000000000003,0.4,0.1,false,0.1
507,0,1,0.4,0.65,0.35000000000000003,0.4,0.1,false,0.1
512,0,-1,0.8,0.65,0.35000000000000003,0.4,0.1,false,0.1
519,0,1,0.4,0.75,0.35000000000000003,0.4,0.1,false,0.1
524,0,-1,0.8,0.75,0.35000000000000003,0.4,0.1,false,0.1
532,1,-1,0.45,0.8,0.35000000000000003,0.4,0.1,false,0.1
533,1,-1,0.55,0.8,0.35000000000000003,0.4,0.1,false,0.1
534,1,-1,0.65,0.8,0.35000000000000003,0.4,0.1,false,0.1
535,1,-1,0.75,0.8,0.35000000000000003,0.4,0.1,false,0.1
616,1,1,0.45,0.4,0.45,0.4,0.1,false,0.1
617,1,1,0.55,0.4,0.45,0.1,0.1,false,0.1
618,1,1,0.65,0.4,0.45,0.1,0.1,false,0.1
619,1,1,0.75,0.4,0.45,0.4,0.1,false,0.1
627,0,1,0.4,0.45,0.45,0.4,0.1,false,0.1
632,0,-1,0.8,0.45,0.45,0.4,0.1,false,0.1
639,0,1,0.4,0.55,0.45,0.1,0.1,false,0.1
644,0,-1,0.8,0.55,0.45,0.1,0.1,false,0.1
651,0,1,0.4,0.65,0.45,0.1,0.1,false,0.1
656,0,-1,0.8,0.65,0.45,0.1,0.1,false,0.1
663,0,1,0.4,0.75,0.45,0.4,0.1,false,0.1
668,0,-1,0.8,0.75,0.45,0.4,0.1,false,0.1
676,1,-1,0.45,0.8,0.45,0.4,0.1,false,0.1
677,1,-1,0.55,0.8,0.45,0.1,0.1,false,0.1
678,1,-1,0.65,0.8,0.45,0.1,0.1,false,0.1
679,1,-1,0.75,0.8,0.45,0.4,0.1,false,0.1
760,1,1,0.45,0.4,0.55,0.4,0.1,false,0.1
761,1,1,0.55,0.4,0.55,0.1,0.1,false,0.1
762,1,1,0.65,0.4,0.55,0.1,0.1,false,0.1
763,1,1,0.75,0.4,0.55,0.4,0.1,false,0.1
771,0,1,0.4,0.45,0.55,0.4,0.1,false,0.1
776,0,-1,0.8,0.45,0.55,0.4,0.1,false,0.1
783,0,1,0.4,0.55,0.55,0.1,0.1,false,0.1
788,0,-1,0.8,0.55,0.55,0.1,0.1,false,0.1
795,0,1,0.4,0.65,0.55,0.1,0.1,false,0.1
800,0,-1,0.8,0.65,0.55,0.1,0.1,false,0.1
807,0,1,0.4,0.75,0.55,0.4,0.1,false,0.1
812,0,-1,0.8,0.75,0.55,0.4,0.1,false,0.1
820,1,-1,0.45,0.8,0.55,0.4,0.1,false,0.1
821,1,-1,0.55,0.8,0.55,0.1,0.1,false,0.1
822,1,-1,0.65,0.8,0.55,0.1,0.1,false,0.1
823,1,-1,0.75,0.8,0.55,0.4,0.1,false,0.1
904,1,1,0.45,0.4,0.65,0.4,0.1,false,0.1
905,1,1,0.55,0.4,0.65,0.1,0.1,false,0.1
906,1,1,0.65,0.4,0.65,0.1,0.1,false,0.1
907,1,1,0.75,0.4,0.65,0.4,0.1,false,0.1
915,0,1,0.4,0.45,0.65,0.4,0.1,false,0.1
920,0,-1,0.8,0.45,0.65,0.4,0.1,false,0.1
927,0,1,0.4,0.55,0.65,0.1,0.1,false,0.1
932,0,-1,0.8,0.55,0.65,0.1,0.1,false,0.1
939,0,1,0.4,0.65,0.65,0.1,0.1,false,0.1
944,0,-1,0.8,0.65,0.65,0.1,0.1,false,0.1
951,0,1,0.4,0.75,0.65,0.4,0.1,false,0.1
956,0,-1,0.8,0.75,0.65,0.4,0.1,false,0.1
964,1,-1,0.45,0.8,0.65,0.4,0.1,false,0.1
965,1,-1,0.55,0.8,0.65,0.1,0.1,false,0.1
966,1,-1,0.65,0.8,0.65,0.1,0.1,false,0.1
967,1,-1,0.75,0.8,0.65,0.4,0.1,false,0.1
1060,2,-1,0.45,0.45,0.7000000000000001,0.4,0.1,false,0.1
1061,1,1,0.55,0.5,0.75,0.2,0.1,false,0.1
1061,2,-1,0.55,0.45,0.7000000000000001,0.4,0.1,false,0.1
1062,1,1,0.65,0.5,0.75,0.2,0.1,false,0.1
1062,2,-1,0.65,0.45,0.7000000000000001,0.4,0.1,false,0.1
1063,2,-1,0.75,0.45,0.7000000000000001,0.4,0.1,false,0.1
1072,0,1,0.5,0.55,0.75,0.2,0.1,false,0.1
1072,2,-1,0.45,0.55,0.7000000000000001,0.4,0.1,false,0.1
1075,0,-1,0.7000000000000001,0.55,0.75,0.2,0.1,false,0.1
1075,2,-1,0.75,0.55,0.7000000000000001,0.4,0.1,false,0.1
1084,0,1,0.5,0.65,0.75,0.2,0.1,false,0.1
1084,2,-1,0.45,0.65,0.7000000000000001,0.4,0.1,false,0.1
1087,0,-1,0.7000000000000001,0.65,0.75,0.2,0.1,false,0.1
1087,2,-1,0.75,0.65,0.7000000000000001,0.4,0.1,false,0.1
1096,2,-1,0.45,0.75,0.7000000000000001,0.4,0.1,false,0.1
1097,1,-1,0.55,0.7000000000000001,0.75,0.2,0.1,false,0.1
1097,2,-1,0.55,0.75,0.7000000000000001,0.4,0.1,false,0.1
1098,1,-1,0.65,0.7000000000000001,0.75,0.2,0.1,false,0.1
1098,2,-1,0.65,0.75,0.7000000000000001,0.4,0.1,false,0.1
1099,2,-1,0.75,0.75,0.7000000000000001,0.4,0.1,false,0.1
1205,1,1,0.55,0.5,0.8500000000000001,0.2,0.1,false,0.1
1206,1,1,0.65,0.5,0.8500000000000001,0.2,0.1,false,0.1
1216,0,1,0.5,0.55,0.8500000000000001,0.2,0.1,false,0.1
1219,0,-1,0.7000000000000001,0.55,0.8500000000000001,0.2,0.1,false,0.1
1228,0,1,0.5,0.65,0.8500000000000001,0.2,0.1,false,0.1
1231,0,-1,0.7000000000000001,0.65,0.8500000000000001,0.2,0.1,false,0.1
1241,1,-1,0.55,0.7000000000000001,0.8500000000000001,0.2,0.1,false,0.1
1242,1,-1,0.65,0.7000000000000001,0.8500000000000001,0.2,0.1,false,0.1
1349,1,1,0.55,0.5,0.9500000000000001,0.2,0.1,false,0.1
1350,1,1,0.65,0.5,0.9500000000000001,0.2,0.1,false,0.1
1360,0,1,0.5,0.55,0.9500000000000001,0.2,0.1,false,0.1
1363,0,-1,0.7000000000000001,0.55,0.9500000000000001,0.2,0.1,false,0.1
1372,0,1,0.5,0.65,0.9500000000000001,0.2,0.1,false,0.1
1375,0,-1,0.7000000000000001,0.65,0.9500000000000001,0.2,0.1,false,0.1
1385,1,-1,0.55,0.7000000000000001,0.9500000000000001,0.2,0.1,false,0.1
1386,1,-1,0.65,0.7000000000000001,0.9500000000000001,0.2,0.1,false,0.1
1443,2,1,0.35000000000000003,0.05,1.1,0.2,0.1,false,0.1
1444,2,1,0.45,0.05,1.1,0.1,0.1,false,0.1
1445,2,1,0.55,0.05,1.1,0.1,0.1,false,0.1
1446,2,1,0.65,0.05,1.1,0.1,0.1,false,0.1
1447,2,1,0.75,0.05,1.1,0.1,0.1,false,0.1
1448,2,1,0.8500000000000001,0.05,1.1,0.1,0.1,false,0.1
1449,2,1,0.9500000000000001,0.05,1.1,0.1,0.1,false,0.1
1450,2,1,1.05,0.05,1.1,0.1,0.1,false,0.1
1451,2,1,1.1500000000000001,0.05,1.1,0.1,0.1,false,0.1
1455,2,1,0.35000000000000003,0.15000000000000002,1.1,0.2,0.1,false,0.1
1456,2,1,0.45,0.15000000000000002,1.1,0.1,0.1,false,0.1
1457,2,1,0.55,0.15000000000000002,1.1,0.1,0.1,false,0.1
1458,2,1,0.65,0.15000000000000002,1.1,0.1,0.1,false,0.1
1459,2,1,0.75,0.15000000000000002,1.1,0.1,0.1,false,0.1
1460,2,1,0.8500000000000001,0.15000000000000002,1.1,0.1,0.1,false,0.1
1461,2,1,0.9500000000000001,0.15000000000000002,1.1,0.1,0.1,false,0.1
1462,2,1,1.05,0.15000000000000002,1.1,0.1,0.1,false,0.1
1463,2,1,1.1500000000000001,0.15000000000000002,1.1,0.1,0.1,false,0.1
1467,2,1,0.35000000000000003,0.25,1.1,0.2,0.1,false,0.1
1468,2,1,0.45,0.25,1.1,0.1,0.1,false,0.1
1469,2,1,0.55,0.25,1.1,0.1,0.1,false,0.1
1470,2,1,0.65,0.25,1.1,0.1,0.1,false,0.1
1471,2,1,0.75,0.25,1.1,0.1,0.1,false,0.1
1472,2,1,0.8500000000000001,0.25,1.1,0.1,0.1,false,0.1
1473,2,1,0.9500000000000001,0.25,1.1,0.1,0.1,false,0.1
1474,2,1,1.05,0.25,1.1,0.1,0.1,false,0.1
1475,2,1,1.1500000000000001,0.25,1.1,0.1,0.1,false,0.1
1479,2,1,0.35000000000000003,0.35000000000000003,1.1,0.2,0.1,false,0.1
1480,2,1,0.45,0.35000000000000003,1.1,0.1,0.1,false,0.1
1481,2,1,0.55,0.35000000000000003,1.1,0.1,0.1,false,0.1
1482,2,1,0.65,0.35000000000000003,1.1,0.1,0.1,false,0.1
1483,2,1,0.75,0.35000000000000003,1.1,0.1,0.1,false,0.1
1484,2,1,0.8500000000000001,0.35000000000000003,1.1,0.1,0.1,false,0.1
1485,2,1,0.9500000000000001,0.35000000000000003,1.1,0.1,0.1,false,0.1
1486,2,1,1.05,0.35000000000000003,1.1,0.1,0.1,false,0.1
1487,2,1,1.1500000000000001,0.35000000000000003,1.1,0.1,0.1,false,0.1
1491,2,1,0.35000000000000003,0.45,1.1,0.2,0.1,false,0.1
1492,2,1,0.45,0.45,1.1,0.1,0.1,false,0.1
1493,1,1,0.55,0.5,1.05,0.2,0.1,false,0.1
1493,2,1,0.55,0.45,1.1,0.1,0.1,false,0.1
1494,1,1,0.65,0.5,1.05,0.2,0.1,false,0.1
1494,2,1,0.65,0.45,1.1,0.1,0.1,false,0.1
1495,2,1,0.75,0.45,1.1,0.1,0.1,false,0.1
1496,2,1,0.8500000000000001,0.45,1.1,0.1,0.1,false,0.1
1497,2,1,0.9500000000000001,0.45,1.1,0.1,0.1,false,0.1
1498,2,1,1.05,0.45,1.1,0.1,0.1,false,0.1
1499,2,1,1.1500000000000001,0.45,1.1,0.1,0.1,false,0.1
1503,2,1,0.35000000000000003,0.55,1.1,0.2,0.1,false,0.1
1504,0,1,0.5,0.55,1.05,0.2,0.1,false,0.1
1504,2,1,0.45,0.55,1.1,0.1,0.1,false,0.1
1507,0,-1,0.7000000000000001,0.55,1.05,0.2,0.1,false,0.1
1507,2,1,0.75,0.55,1.1,0.1,0.1,false,0.1
1508,2,1,0.8500000000000001,0.55,1.1,0.1,0.1,false,0.1
1509,2,1,0.9500000000000001,0.55,1.1,0.1,0.1,false,0.1
1510,2,1,1.05,0.55,1.1,0.1,0.1,false,0.1
1511,2,1,1.1500000000000001,0.55,1.1,0.1,0.1,false,0.1
1515,2,1,0.35000000000000003,0.65,1.1,0.2,0.1,false,0.1
1516,0,1,0.5,0.65,1.05,0.2,0.1,false,0.1
1516,2,1,0.45,0.65,1.1,0.1,0.1,false,0.1
1519,0,-1,0.7000000000000001,0.65,1.05,0.2,0.1,false,0.1
1519,2,1,0.75,0.65,1.1,0.1,0.1,false,0.1
1520,2,1,0.8500000000000001,0.65,1.1,0.1,0.1,false,0.1
1521,2,1,0.9500000000000001,0.65,1.1,0.1,0.1,false,0.1
1522,2,1,1.05,0.65,1.1,0.1,0.1,false,0.1
1523,2,1,1.1500000000000001,0.65,1.1,0.1,0.1,false,0.1
1527,2,1,0.35000000000000003,0.75,1.1,0.2,0.1,false,0.1
1528,2,1,0.45,0.75,1.1,0.1,0.1,false,0.1
1529,1,-1,0.55,0.7000000000000001,1.05,0.2,0.1,false,0.1
1529,2,1,0.55,0.75,1.1,0.1,0.1,false,0.1
1530,1,-1,0.65,0.7000000000000001,1.05,0.2,0.1,false,0.1
1530,2,1,0.65,0.75,1.1,0.1,0.1,false,0.1
1531,2,1,0.75,0.75,1.1,0.1,0.1,false,0.1
1532,2,1,0.8500000000000001,0.75,1.1,0.1,0.1,false,0.1
1533,2,1,0.9500000000000001,0.75,1.1,0.1,0.1,false,0.1
1534,2,1,1.05,0.75,1.1,0.1,0.1,false,0.1
1535,2,1,1.1500000000000001,0.75,1.1,0.1,0.1,false,0.1
1539,2,1,0.35000000000000003,0.8500000000000001,1.1,0.2,0.1,false,0.1
1540,2,1,0.45,0.8500000000000001,1.1,0.1,0.1,false,0.1
1541,2,1,0.55,0.8500000000000001,1.1,0.1,0.1,false,0.1
1542,2,1,0.65,0.8500000000000001,1.1,0.1,0.1,false,0.1
1543,2,1,0.75,0.8500000000000001,1.1,0.1,0.1,false,0.1
1544,2,1,0.8500000000000001,0.8500000000000001,1.1,0.1,0.1,false,0.1
1545,2,1,0.9500000000000001,0.8500000000000001,1.1,0.1,0.1,false,0.1
1546,2,1,1.05,0.8500000000000001,1.1,0.1,0.1,false,0.1
1547,2,1,1.1500000000000001,0.8500000000000001,1.1,0.1,0.1,false,0.1
1551,2,1,0.35000000000000003,0.9500000000000001,1.1,0.2,0.1,false,0.1
1552,2,1,0.45,0.9500000000000001,1.1,0.1,0.1,false,0.1
1553,2,1,0.55,0.9500000000000001,1.1,0.1,0.1,false,0.1
1554,2,1,0.65,0.9500000000000001,1.1,0.1,0.1,false,0.1
1555,2,1,0.75,0.9500000000000001,1.1,0.1,0.1,false,0.1
1556,2,1,0.8500000000000001,0.9500000000000001,1.1,0.1,0.1,false,0.1
1557,2,1,0.9500000000000001,0.9500000000000001,1.1,0.1,0.1,false,0.1
1558,2,1,1.05,0.9500000000000001,1.1,0.1,0.1,false,0.1
1559,2,1,1.1500000000000001,0.9500000000000001,1.1,0.1,0.1,false,0.1
1563,2,1,0.35000000000000003,1.05,1.1,0.2,0.1,false,0.1
1564,2,1,0.45,1.05,1.1,0.1,0.1,false,0.1
1565,2,1,0.55,1.05,1.1,0.1,0.1,false,0.1
1566,2,1,0.65,1.05,1.1,0.1,0.1,false,0.1
1567,2,1,0.75,1.05,1.1,0.1,0.1,false,0.1
1568,2,1,0.8500000000000001,1.05,1.1,0.1,0.1,false,0.1
1569,2,1,0.9500000000000001,1.05,1.1,0.1,0.1,false,0.1
1570,2,1,1.05,1.05,1.1,0.1,0.1,false,0.1
1571,2,1,1.1500000000000001,1.05,1.1,0.1,0.1,false,0.1
1575,2,1,0.35000000000000003,1.1500000000000001,1.1,0.2,0.1,false,0.1
1576,2,1,0.45,1.1500000000000001,1.1,0.1,0.1,false,0.1
1577,2,1,0.55,1.1500000000000001,1.1,0.1,0.1,false,0.1
1578,2,1,0.65,1.1500000000000001,1.1,0.1,0.1,false,0.1
1579,2,1,0.75,1.1500000000000001,1.1,0.1,0.1,false,0.1
1580,2,1,0.8500000000000001,1.1500000000000001,1.1,0.1,0.1,false,0.1
1581,2,1,0.9500000000000001,1.1500000000000001,1.1,0.1,0.1,false,0.1
1582,2,1,1.05,1.1500000000000001,1.1,0.1,0.1,false,0.1
1583,2,1,1.1500000000000001,1.1500000000000001,1.1,0.1,0.1,false,0.1
1586,0,1,0.30000000000000004,0.05,1.1500000000000001,0.9,0.1,false,0.1
1598,0,1,0.30000000000000004,0.15000000000000002,1.1500000000000001,0.9,0.1,false,0.1
1610,0,1,0.30000000000000004,0.25,1.1500000000000001,0.9,0.1,false,0.1
1622,0,1,0.30000000000000004,0.35000000000000003,1.1500000000000001,0.9,0.1,false,0.1
1634,0,1,0.30000000000000004,0.45,1.1500000000000001,0.9,0.1,false,0.1
1646,0,1,0.30000000000000004,0.55,1.1500000000000001,0.2,0.1,false,0.1
1658,0,1,0.30000000000000004,0.65,1.1500000000000001,0.2,0.1,false,0.1
1670,0,1,0.30000000000000004,0.75,1.1500000000000001,0.9,0.1,false,0.1
1682,0,1,0.30000000000000004,0.8500000000000001,1.1500000000000001,0.9,0.1,false,0.1
1694,0,1,0.30000000000000004,0.9500000000000001,1.1500000000000001,0.9,0.1,false,0.1
1706,0,1,0.30000000000000004,1.05,1.1500000000000001,0.9,0.1,false,0.1
1718,0,1,0.30000000000000004,1.1500000000000001,1.1500000000000001,0.9,0.1,false,0.1
1728,2,1,0.05,0.05,1.3,0.1,0.1,false,0.1
1729,2,1,0.15000000000000002,0.05,1.3,0.1,0.1,false,0.1
1730,0,1,0.30000000000000004,0.05,1.25,0.1,0.1,false,0.1
1730,2,1,0.25,0.05,1.3,0.1,0.1,false,0.1
1740,2,1,0.05,0.15000000000000002,1.3,0.1,0.1,false,0.1
1741,2,1,0.15000000000000002,0.15000000000000002,1.3,0.1,0.1,false,0.1
1742,0,1,0.30000000000000004,0.15000000000000002,1.25,0.1,0.1,false,0.1
1742,2,1,0.25,0.15000000000000002,1.3,0.1,0.1,false,0.1
1752,2,1,0.05,0.25,1.3,0.1,0.1,false,0.1
1753,2,1,0.15000000000000002,0.25,1.3,0.1,0.1,false,0.1
1754,0,1,0.30000000000000004,0.25,1.25,0.1,0.1,false,0.1
1754,2,1,0.25,0.25,1.3,0.1,0.1,false,0.1
1764,2,1,0.05,0.35000000000000003,1.3,0.1,0.1,false,0.1
1765,2,1,0.15000000000000002,0.35000000000000003,1.3,0.1,0.1,false,0.1
1766,0,1,0.30000000000000004,0.35000000000000003,1.25,0.1,0.1,false,0.1
1766,2,1,0.25,0.35000000000000003,1.3,0.1,0.1,false,0.1
1776,2,1,0.05,0.45,1.3,0.1,0.1,false,0.1
1777,2,1,0.15000000000000002,0.45,1.3,0.1,0.1,false,0.1
1778,0,1,0.30000000000000004,0.45,1.25,0.1,0.1,false,0.1
1778,2,1,0.25,0.45,1.3,0.1,0.1,false,0.1
1788,2,1,0.05,0.55,1.3,0.1,0.1,false,0.1
1789,2,1,0.15000000000000002,0.55,1.3,0.1,0.1,false,0.1
1790,0,1,0.30000000000000004,0.55,1.25,0.1,0.1,false,0.1
1790,2,1,0.25,0.55,1.3,0.1,0.1,false,0.1
1800,2,1,0.05,0.65,1.3,0.1,0.1,false,0.1
1801,2,1,0.15000000000000002,0.65,1.3,0.1,0.1,false,0.1
1802,0,1,0.30000000000000004,0.65,1.25,0.1,0.1,false,0.1
1802,2,1,0.25,0.65,1.3,0.1,0.1,false,0.1
1812,2,1,0.05,0.75,1.3,0.1,0.1,false,0.1
1813,2,1,0.15000000000000002,0.75,1.3,0.1,0.1,false,0.1
1814,0,1,0.30000000000000004,0.75,1.25,0.1,0.1,false,0.1
1814,2,1,0.25,0.75,1.3,0.1,0.1,false,0.1
1824,2,1,0.05,0.8500000000000001,1.3,0.1,0.1,false,0.1
1825,2,1,0.15000000000000002,0.8500000000000001,1.3,0.1,0.1,false,0.1
1826,0,1,0.30000000000000004,0.8500000000000001,1.25,0.1,0.1,false,0.1
1826,2,1,0.25,0.8500000000000001,1.3,0.1,0.1,false,0.1
1836,2,1,0.05,0.9500000000000001,1.3,0.1,0.1,false,0.1
1837,2,1,0.15000000000000002,0.9500000000000001,1.3,0.1,0.1,false,0.1
1838,0,1,0.30000000000000004,0.9500000000000001,1.25,0.1,0.1,false,0.1
1838,2,1,0.25,0.9500000000000001,1.3,0.1,0.1,false,0.1
1848,2,1,0.05,1.05,1.3,0.1,0.1,false,0.1
1849,2,1,0.15000000000000002,1.05,1.3,0.1,0.1,false,0.1
1850,0,1,0.30000000000000004,1.05,1.25,0.1,0.1,false,0.1
1850,2,1,0.25,1.05,1.3,0.1,0.1,false,0.1
1860,2,1,0.05,1.1500000000000001,1.3,0.1,0.1,false,0.1
1861,2,1,0.15000000000000002,1.1500000000000001,1.3,0.1,0.1,false,0.1
1862,0,1,0.30000000000000004,1.1500000000000001,1.25,0.1,0.1,false,0.1
1862,2,1,0.25,1.1500000000000001,1.3,0.1,0.1,false,0.1